codigo_departamento,nombre_departamento,codigo_municipio,nombre_municipio,codigo_centro_poblado,nombre_centro_poblado,tipo
73,TOLIMA,73001,IBAGUÉ,73001000,IBAGUÉ,CM
73,TOLIMA,73001,IBAGUÉ,73001001,BUENOS AIRES,CP
73,TOLIMA,73001,IBAGUÉ,73001004,DANTAS,CP
73,TOLIMA,73001,IBAGUÉ,73001006,JUNTAS,CP
73,TOLIMA,73001,IBAGUÉ,73001007,LAURELES,CP
73,TOLIMA,73001,IBAGUÉ,73001009,SAN BERNARDO,CP
73,TOLIMA,73001,IBAGUÉ,73001010,SAN JUAN DE LA CHINA,CP
73,TOLIMA,73001,IBAGUÉ,73001011,TAPIAS,CP
73,TOLIMA,73001,IBAGUÉ,73001012,TOCHE,CP
73,TOLIMA,73001,IBAGUÉ,73001013,VILLARESTREPO,CP
73,TOLIMA,73001,IBAGUÉ,73001014,LLANITOS,CP
73,TOLIMA,73001,IBAGUÉ,73001015,EL TOTUMO,CP
73,TOLIMA,73001,IBAGUÉ,73001016,LLANO DEL COMBEIMA,CP
73,TOLIMA,73001,IBAGUÉ,73001017,CARMEN DE BULIRA,CP
73,TOLIMA,73001,IBAGUÉ,73001018,EL RODEO,CP
73,TOLIMA,73001,IBAGUÉ,73001020,COELLO - COCORA,CP
73,TOLIMA,73001,IBAGUÉ,73001024,SANTA TERESA,CP
73,TOLIMA,73001,IBAGUÉ,73001025,PASTALES VIEJO,CP
73,TOLIMA,73001,IBAGUÉ,73001027,PASTALES NUEVO,CP
73,TOLIMA,73001,IBAGUÉ,73001028,LA FLOR,CP
73,TOLIMA,73001,IBAGUÉ,73001030,EL CAY,CP
73,TOLIMA,73001,IBAGUÉ,73001032,ALTO DE GUALANDAY,CP
73,TOLIMA,73001,IBAGUÉ,73001034,APARCO,CP
73,TOLIMA,73001,IBAGUÉ,73001036,BRICEÑO,CP
73,TOLIMA,73001,IBAGUÉ,73001038,CHEMBE,CP
73,TOLIMA,73001,IBAGUÉ,73001039,CHUCUNÍ,CP
73,TOLIMA,73001,IBAGUÉ,73001047,LA HELENA,CP
73,TOLIMA,73001,IBAGUÉ,73001049,LA MIEL,CP
73,TOLIMA,73001,IBAGUÉ,73001050,LA PALMILLA,CP
73,TOLIMA,73001,IBAGUÉ,73001057,LOS TÚNELES,CP
73,TOLIMA,73001,IBAGUÉ,73001058,PICO DE ORO,CP
73,TOLIMA,73001,IBAGUÉ,73001059,TRES ESQUINAS,CP
73,TOLIMA,73001,IBAGUÉ,73001065,INVASION BELLA ISLA DE LLANITOS,CP
73,TOLIMA,73001,IBAGUÉ,73001066,SALITRE,CP
73,TOLIMA,73024,ALPUJARRA,73024000,ALPUJARRA,CM
73,TOLIMA,73024,ALPUJARRA,73024001,LA ARADA,CP
73,TOLIMA,73024,ALPUJARRA,73024002,EL CARMEN,CP
73,TOLIMA,73024,ALPUJARRA,73024003,AMESES,CP
73,TOLIMA,73026,ALVARADO,73026000,ALVARADO,CM
73,TOLIMA,73026,ALVARADO,73026001,CALDAS VIEJO,CP
73,TOLIMA,73026,ALVARADO,73026004,RINCÓN CHIPALO,CP
73,TOLIMA,73026,ALVARADO,73026005,VERACRUZ,CP
73,TOLIMA,73026,ALVARADO,73026008,LA TEBAIDA,CP
73,TOLIMA,73026,ALVARADO,73026011,TOTARITO,CP
73,TOLIMA,73030,AMBALEMA,73030000,AMBALEMA,CM
73,TOLIMA,73030,AMBALEMA,73030002,CHORRILLO,CP
73,TOLIMA,73030,AMBALEMA,73030004,PAJONALES,CP
73,TOLIMA,73030,AMBALEMA,73030006,LA ALDEA EL DANUBIO,CP
73,TOLIMA,73030,AMBALEMA,73030007,BOQUERÓN,CP
73,TOLIMA,73043,ANZOÁTEGUI,73043000,ANZOÁTEGUI,CM
73,TOLIMA,73043,ANZOÁTEGUI,73043001,LISBOA,CP
73,TOLIMA,73043,ANZOÁTEGUI,73043002,PALOMAR,CP
73,TOLIMA,73043,ANZOÁTEGUI,73043003,SANTA BÁRBARA,CP
73,TOLIMA,73055,ARMERO,73055000,ARMERO,CM
73,TOLIMA,73055,ARMERO,73055000,GUAYABAL,CM
73,TOLIMA,73055,ARMERO,73055002,MÉNDEZ,CP
73,TOLIMA,73055,ARMERO,73055003,SAN PEDRO,CP
73,TOLIMA,73055,ARMERO,73055004,SAN FELIPE,CP
73,TOLIMA,73055,ARMERO,73055006,FUNDADORES,CP
73,TOLIMA,73055,ARMERO,73055007,NUEVO HORIZONTE,CP
73,TOLIMA,73067,ATACO,73067000,ATACO,CM
73,TOLIMA,73067,ATACO,73067001,CAMPOHERMOSO,CP
73,TOLIMA,73067,ATACO,73067003,CASA DE ZINC,CP
73,TOLIMA,73067,ATACO,73067005,MESA DE POLE,CP
73,TOLIMA,73067,ATACO,73067006,POLECITO,CP
73,TOLIMA,73067,ATACO,73067007,SANTIAGO PÉREZ,CP
73,TOLIMA,73067,ATACO,73067012,MONTELORO,CP
73,TOLIMA,73067,ATACO,73067014,EL PAUJIL,CP
73,TOLIMA,73067,ATACO,73067016,CÓNDOR,CP
73,TOLIMA,73067,ATACO,73067020,EL BALSO,CP
73,TOLIMA,73067,ATACO,73067021,LA LAGUNA,CP
73,TOLIMA,73067,ATACO,73067022,LA ESTRELLA,CP
73,TOLIMA,73124,CAJAMARCA,73124000,CAJAMARCA,CM
73,TOLIMA,73124,CAJAMARCA,73124001,ANAIME,CP
73,TOLIMA,73124,CAJAMARCA,73124005,EL ROSAL,CP
73,TOLIMA,73148,CARMEN DE APICALÁ,73148000,CARMEN DE APICALÁ,CM
73,TOLIMA,73152,CASABIANCA,73152000,CASABIANCA,CM
73,TOLIMA,73152,CASABIANCA,73152002,SAN JERÓNIMO,CP
73,TOLIMA,73168,CHAPARRAL,73168000,CHAPARRAL,CM
73,TOLIMA,73168,CHAPARRAL,73168004,EL LIMÓN,CP
73,TOLIMA,73168,CHAPARRAL,73168005,LA MARINA,CP
73,TOLIMA,73168,CHAPARRAL,73168006,LA PROFUNDA,CP
73,TOLIMA,73168,CHAPARRAL,73168007,SAN JOSÉ DE LAS HERMOSAS,CP
73,TOLIMA,73200,COELLO,73200000,COELLO,CM
73,TOLIMA,73200,COELLO,73200001,GUALANDAY,CP
73,TOLIMA,73200,COELLO,73200002,LA BARRIALOSA,CP
73,TOLIMA,73200,COELLO,73200003,LLANO DE LA VIRGEN,CP
73,TOLIMA,73200,COELLO,73200004,POTRERILLO,CP
73,TOLIMA,73200,COELLO,73200005,VEGA LOS PADRES,CP
73,TOLIMA,73200,COELLO,73200016,VINDI,CP
73,TOLIMA,73200,COELLO,73200017,CALABOZO,CP
73,TOLIMA,73217,COYAIMA,73217000,COYAIMA,CM
73,TOLIMA,73217,COYAIMA,73217001,CASTILLA,CP
73,TOLIMA,73217,COYAIMA,73217005,TOTARCO DINDE,CP
73,TOLIMA,73217,COYAIMA,73217011,GUAYAQUIL,CP
73,TOLIMA,73217,COYAIMA,73217012,MESA DE INCA,CP
73,TOLIMA,73217,COYAIMA,73217013,SAN MIGUEL,CP
73,TOLIMA,73226,CUNDAY,73226000,CUNDAY,CM
73,TOLIMA,73226,CUNDAY,73226001,LA AURORA,CP
73,TOLIMA,73226,CUNDAY,73226002,SAN PABLO,CP
73,TOLIMA,73226,CUNDAY,73226003,TRES ESQUINAS,CP
73,TOLIMA,73226,CUNDAY,73226004,VALENCIA,CP
73,TOLIMA,73226,CUNDAY,73226005,VARSOVIA,CP
73,TOLIMA,73226,CUNDAY,73226008,EL REVÉS,CP
73,TOLIMA,73236,DOLORES,73236000,DOLORES,CM
73,TOLIMA,73236,DOLORES,73236004,RIONEGRO,CP
73,TOLIMA,73236,DOLORES,73236005,SAN ANDRÉS,CP
73,TOLIMA,73236,DOLORES,73236007,LOS LLANITOS,CP
73,TOLIMA,73236,DOLORES,73236010,LA SOLEDAD,CP
73,TOLIMA,73236,DOLORES,73236011,SAN PEDRO,CP
73,TOLIMA,73268,ESPINAL,73268000,EL ESPINAL,CM
73,TOLIMA,73268,ESPINAL,73268001,CHICORAL,CP
73,TOLIMA,73268,ESPINAL,73268003,SAN FRANCISCO,CP
73,TOLIMA,73270,FALAN,73270000,FALAN,CM
73,TOLIMA,73270,FALAN,73270001,FRÍAS,CP
73,TOLIMA,73270,FALAN,73270004,PIEDECUESTA,CP
73,TOLIMA,73275,FLANDES,73275000,FLANDES,CM
73,TOLIMA,73275,FLANDES,73275001,EL COLEGIO,CP
73,TOLIMA,73275,FLANDES,73275005,PARADERO I,CP
73,TOLIMA,73275,FLANDES,73275009,CONDOMINIO SANTA ANA Y PALMA REAL,CP
73,TOLIMA,73275,FLANDES,73275010,CONDOMINIO VILLA ESPERANZA,CP
73,TOLIMA,73283,FRESNO,73283000,FRESNO,CM
73,TOLIMA,73283,FRESNO,73283001,BETANIA,CP
73,TOLIMA,73283,FRESNO,73283003,EL TABLAZO,CP
73,TOLIMA,73283,FRESNO,73283004,LA AGUADITA,CP
73,TOLIMA,73283,FRESNO,73283008,SAN BERNARDO,CP
73,TOLIMA,73283,FRESNO,73283013,PARTIDAS,CP
73,TOLIMA,73319,GUAMO,73319000,GUAMO,CM
73,TOLIMA,73319,GUAMO,73319002,LA CHAMBA,CP
73,TOLIMA,73319,GUAMO,73319004,RINCÓN SANTO CENTRO,CP
73,TOLIMA,73319,GUAMO,73319005,CHIPUELO ORIENTE,CP
73,TOLIMA,73319,GUAMO,73319009,LA TROJA,CP
73,TOLIMA,73319,GUAMO,73319010,LOMA DE LUISA,CP
73,TOLIMA,73319,GUAMO,73319013,CAÑADA EL RODEO,CP
73,TOLIMA,73319,GUAMO,73319015,PUEBLO NUEVO,CP
73,TOLIMA,73319,GUAMO,73319016,CEREZUELA LAS GARZAS,CP
73,TOLIMA,73347,HERVEO,73347000,HERVEO,CM
73,TOLIMA,73347,HERVEO,73347001,BRASIL,CP
73,TOLIMA,73347,HERVEO,73347003,LETRAS,CP
73,TOLIMA,73347,HERVEO,73347004,MESONES,CP
73,TOLIMA,73347,HERVEO,73347005,PADUA,CP
73,TOLIMA,73349,HONDA,73349000,HONDA,CM
73,TOLIMA,73349,HONDA,73349001,PERICO,CP
73,TOLIMA,73352,ICONONZO,73352000,ICONONZO,CM
73,TOLIMA,73352,ICONONZO,73352001,BALCONCITOS,CP
73,TOLIMA,73352,ICONONZO,73352002,BOQUERÓN,CP
73,TOLIMA,73352,ICONONZO,73352003,MUNDO NUEVO,CP
73,TOLIMA,73352,ICONONZO,73352005,PATECUINDE,CP
73,TOLIMA,73352,ICONONZO,73352007,EL TRIUNFO,CP
73,TOLIMA,73408,LÉRIDA,73408000,LÉRIDA,CM
73,TOLIMA,73408,LÉRIDA,73408001,DELICIAS,CP
73,TOLIMA,73408,LÉRIDA,73408002,SAN FRANCISCO DE LA SIERRA,CP
73,TOLIMA,73408,LÉRIDA,73408003,PADILLA,CP
73,TOLIMA,73408,LÉRIDA,73408005,IGUASITOS,CP
73,TOLIMA,73411,LÍBANO,73411000,LÍBANO,CM
73,TOLIMA,73411,LÍBANO,73411002,CONVENIO,CP
73,TOLIMA,73411,LÍBANO,73411006,SAN FERNANDO,CP
73,TOLIMA,73411,LÍBANO,73411007,SANTA TERESA,CP
73,TOLIMA,73411,LÍBANO,73411008,TIERRADENTRO,CP
73,TOLIMA,73411,LÍBANO,73411009,CAMPO ALEGRE,CP
73,TOLIMA,73443,SAN SEBASTIÁN DE MARIQUITA,73443000,SAN SEBASTIÁN DE MARIQUITA,CM
73,TOLIMA,73443,SAN SEBASTIÁN DE MARIQUITA,73443000,MARIQUITA,CM
73,TOLIMA,73443,SAN SEBASTIÁN DE MARIQUITA,73443001,EL HATILLO,CP
73,TOLIMA,73443,SAN SEBASTIÁN DE MARIQUITA,73443002,LA CABAÑA,CP
73,TOLIMA,73443,SAN SEBASTIÁN DE MARIQUITA,73443003,PITALITO,CP
73,TOLIMA,73443,SAN SEBASTIÁN DE MARIQUITA,73443004,LA ALBANIA,CP
73,TOLIMA,73443,SAN SEBASTIÁN DE MARIQUITA,73443006,CAMELIAS,CP
73,TOLIMA,73443,SAN SEBASTIÁN DE MARIQUITA,73443008,LA PARROQUIA,CP
73,TOLIMA,73443,SAN SEBASTIÁN DE MARIQUITA,73443009,LAS MARÍAS,CP
73,TOLIMA,73449,MELGAR,73449000,MELGAR,CM
73,TOLIMA,73449,MELGAR,73449001,CUALAMANÁ,CP
73,TOLIMA,73449,MELGAR,73449004,ÁGUILA,CP
73,TOLIMA,73449,MELGAR,73449006,BALCONES DEL SUMAPAZ,CP
73,TOLIMA,73449,MELGAR,73449008,EL RUBY,CP
73,TOLIMA,73449,MELGAR,73449009,LA ESTANCIA,CP
73,TOLIMA,73449,MELGAR,73449012,QUEBRADITAS 1,CP
73,TOLIMA,73449,MELGAR,73449014,SAN JOSÉ DE LA COLORADA,CP
73,TOLIMA,73449,MELGAR,73449016,CUALAMANÁ 2,CP
73,TOLIMA,73449,MELGAR,73449017,EL PALMAR,CP
73,TOLIMA,73449,MELGAR,73449018,PEDRO GOMEZ,CP
73,TOLIMA,73461,MURILLO,73461000,MURILLO,CM
73,TOLIMA,73461,MURILLO,73461001,EL BOSQUE,CP
73,TOLIMA,73483,NATAGAIMA,73483000,NATAGAIMA,CM
73,TOLIMA,73483,NATAGAIMA,73483001,LA PALMITA,CP
73,TOLIMA,73483,NATAGAIMA,73483002,VELÚ,CP
73,TOLIMA,73483,NATAGAIMA,73483008,RINCÓN ANCHIQUE,CP
73,TOLIMA,73483,NATAGAIMA,73483012,LAS BRISAS,CP
73,TOLIMA,73504,ORTEGA,73504000,ORTEGA,CM
73,TOLIMA,73504,ORTEGA,73504003,GUAIPA,CP
73,TOLIMA,73504,ORTEGA,73504004,HATO DE IGLESIA,CP
73,TOLIMA,73504,ORTEGA,73504007,LA MESA DE ORTEGA,CP
73,TOLIMA,73504,ORTEGA,73504008,OLAYA HERRERA,CP
73,TOLIMA,73504,ORTEGA,73504009,EL VERGEL,CP
73,TOLIMA,73504,ORTEGA,73504017,LOS GUAYABOS,CP
73,TOLIMA,73520,PALOCABILDO,73520000,PALOCABILDO,CM
73,TOLIMA,73520,PALOCABILDO,73520001,ASTURIAS,CP
73,TOLIMA,73520,PALOCABILDO,73520002,BUENOS AIRES,CP
73,TOLIMA,73520,PALOCABILDO,73520003,GUADUALITO,CP
73,TOLIMA,73547,PIEDRAS,73547000,PIEDRAS,CM
73,TOLIMA,73547,PIEDRAS,73547001,CHICALÁ,CP
73,TOLIMA,73547,PIEDRAS,73547002,DOIMA,CP
73,TOLIMA,73547,PIEDRAS,73547003,GUATAQUISITO,CP
73,TOLIMA,73547,PIEDRAS,73547005,PARADERO CHIPALO,CP
73,TOLIMA,73555,PLANADAS,73555000,PLANADAS,CM
73,TOLIMA,73555,PLANADAS,73555001,BILBAO,CP
73,TOLIMA,73555,PLANADAS,73555002,GAITANIA,CP
73,TOLIMA,73555,PLANADAS,73555004,SUR DE ATA,CP
73,TOLIMA,73555,PLANADAS,73555006,BRUSELAS,CP
73,TOLIMA,73555,PLANADAS,73555007,SAN MIGUEL,CP
73,TOLIMA,73563,PRADO,73563000,PRADO,CM
73,TOLIMA,73563,PRADO,73563001,ACO,CP
73,TOLIMA,73563,PRADO,73563004,MONTOSO,CP
73,TOLIMA,73585,PURIFICACIÓN,73585000,PURIFICACIÓN,CM
73,TOLIMA,73585,PURIFICACIÓN,73585001,CHENCHE ASOLEADO,CP
73,TOLIMA,73585,PURIFICACIÓN,73585002,LOZANIA,CP
73,TOLIMA,73585,PURIFICACIÓN,73585006,VILLA ESPERANZA,CP
73,TOLIMA,73585,PURIFICACIÓN,73585007,VILLA COLOMBIA,CP
73,TOLIMA,73585,PURIFICACIÓN,73585009,EL BAURA,CP
73,TOLIMA,73585,PURIFICACIÓN,73585013,LA MATA,CP
73,TOLIMA,73585,PURIFICACIÓN,73585015,BUENAVISTA,CP
73,TOLIMA,73585,PURIFICACIÓN,73585018,CHENCHE UNO,CP
73,TOLIMA,73616,RIOBLANCO,73616000,RIOBLANCO,CM
73,TOLIMA,73616,RIOBLANCO,73616001,HERRERA,CP
73,TOLIMA,73616,RIOBLANCO,73616002,PUERTO SALDAÑA,CP
73,TOLIMA,73616,RIOBLANCO,73616004,PALONEGRO,CP
73,TOLIMA,73616,RIOBLANCO,73616005,GAITÁN,CP
73,TOLIMA,73616,RIOBLANCO,73616006,MARACAIBO,CP
73,TOLIMA,73616,RIOBLANCO,73616009,JUNTAS,CP
73,TOLIMA,73622,RONCESVALLES,73622000,RONCESVALLES,CM
73,TOLIMA,73622,RONCESVALLES,73622001,SANTA ELENA,CP
73,TOLIMA,73622,RONCESVALLES,73622002,EL CEDRO,CP
73,TOLIMA,73624,ROVIRA,73624000,ROVIRA,CM
73,TOLIMA,73624,ROVIRA,73624001,EL CORAZÓN,CP
73,TOLIMA,73624,ROVIRA,73624003,LOS ANDES - LA BELLA,CP
73,TOLIMA,73624,ROVIRA,73624004,RIOMANSO,CP
73,TOLIMA,73624,ROVIRA,73624005,SAN PEDRO,CP
73,TOLIMA,73624,ROVIRA,73624007,GUADUALITO,CP
73,TOLIMA,73624,ROVIRA,73624008,LA FLORIDA,CP
73,TOLIMA,73624,ROVIRA,73624010,LA SELVA,CP
73,TOLIMA,73624,ROVIRA,73624012,LA LUISA,CP
73,TOLIMA,73671,SALDAÑA,73671000,SALDAÑA,CM
73,TOLIMA,73671,SALDAÑA,73671001,JABALCÓN,CP
73,TOLIMA,73671,SALDAÑA,73671002,SANTA INÉS,CP
73,TOLIMA,73671,SALDAÑA,73671008,LA ESPERANZA,CP
73,TOLIMA,73671,SALDAÑA,73671009,NORMANDÍA,CP
73,TOLIMA,73675,SAN ANTONIO,73675000,SAN ANTONIO,CM
73,TOLIMA,73675,SAN ANTONIO,73675001,LA FLORIDA,CP
73,TOLIMA,73675,SAN ANTONIO,73675002,PLAYARRICA,CP
73,TOLIMA,73675,SAN ANTONIO,73675004,VILLA HERMOSA,CP
73,TOLIMA,73678,SAN LUIS,73678000,SAN LUIS,CM
73,TOLIMA,73678,SAN LUIS,73678004,PAYANDÉ,CP
73,TOLIMA,73686,SANTA ISABEL,73686000,SANTA ISABEL,CM
73,TOLIMA,73686,SANTA ISABEL,73686001,COLÓN,CP
73,TOLIMA,73686,SANTA ISABEL,73686003,SAN RAFAEL,CP
73,TOLIMA,73770,SUÁREZ,73770000,SUÁREZ,CM
73,TOLIMA,73770,SUÁREZ,73770001,HATO VIEJO,CP
73,TOLIMA,73770,SUÁREZ,73770003,CAÑAVERALES,CP
73,TOLIMA,73770,SUÁREZ,73770005,AGUA BLANCA,CP
73,TOLIMA,73854,VALLE DE SAN JUAN,73854000,VALLE DE SAN JUAN,CM
73,TOLIMA,73861,VENADILLO,73861000,VENADILLO,CM
73,TOLIMA,73861,VENADILLO,73861001,JUNÍN,CP
73,TOLIMA,73861,VENADILLO,73861002,LA SIERRITA,CP
73,TOLIMA,73861,VENADILLO,73861003,MALABAR,CP
73,TOLIMA,73861,VENADILLO,73861004,PALMAROSA,CP
73,TOLIMA,73870,VILLAHERMOSA,73870000,VILLAHERMOSA,CM
73,TOLIMA,73873,VILLARRICA,73873000,VILLARRICA,CM
73,TOLIMA,73873,VILLARRICA,73873002,LA COLONIA,CP
73,TOLIMA,73873,VILLARRICA,73873003,LOS ALPES,CP
73,TOLIMA,73873,VILLARRICA,73873004,PUERTO LLERAS,CP
